customer_id,FULL_NAME
1,Julie Sam
2,Steve Ryan
3,Morris Lois
4,Cathenna Emily
5,Aaron Kim
6,Alexander Scot
7,Anderson Stewart
8,Floyd Ted
9,Leo Travis
10,Melvin Tracy
11,Roger Walson
12,Shirley Wally
13,Solomon Walter
14,Carol Vernon
15,Linda William
16,Chirstine Willis
17,Catherine Shad
18,Gloria Richie
19,Joyce Paul
20,Sara Oliver
21,Chirsty Josh
22,Pheny Eri
23,Erwin Tosh
24,Calvin Willis
25,Moss Morris
26,Bryan Collin
27,Cherly Vernon
28,Du plesis Chris
29,Watson Ronald
30,Donack Dukins
31,James Robert
32,Chirstoper Sean
33,Mark Ethan
34,Jacqueline Keith
35,Jeffrey Aaron
36,Kayla Patrick
37,Samuel Scott
38,Alexis Scott
39,Tyler Edward
40,Adam Paul
41,Kyle Mark
42,Roger Mattew
43,Joe Daniel
44,Bily Brian
45,Doris Walter
46,Louis Douglas
47,Sophia Carl
48,Wayne Noah
49,Russell Peter
50,Rose Arthur
